n,bound_type,opt_low,opt_high,results-ec_pop_size_8_n_pop_96-minimize-flash-dynamic-reasoning_96__len,results-ec_pop_size_8_n_pop_96-minimize-flash-dynamic-reasoning_96__set,results-ec_pop_size_8_n_pop_24-minimize-flash-lite-2_24__len,results-ec_pop_size_8_n_pop_24-minimize-flash-lite-2_24__set,results-ec_pop_size_8_n_pop_96-minimize-absolute-len-flash-dynamic-reasoning-debug-n-250_96__len,results-ec_pop_size_8_n_pop_96-minimize-absolute-len-flash-dynamic-reasoning-debug-n-250_96__set
80,exact,0,22,22,1 3 4 8 9 11 16 20 22 25 27 54 56 59 61 65 70 72 73 77 78 80,20,1 3 7 8 10 14 16 23 26 54 56 59 61 65 70 72 73 77 78 80,22,1 2 4 5 11 16 22 23 26 32 34 49 54 55 58 68 70 71 73 77 79 80
81,exact,0,22,20,1 2 4 5 10 12 13 17 26 31 54 55 65 69 71 72 74 78 80 81,20,1 2 4 5 10 12 13 17 26 31 54 59 62 63 69 73 74 78 80 81,20,1 2 4 5 16 18 22 23 25 29 37 60 61 65 67 68 77 78 80 81
82,exact,0,23,21,1 2 5 7 10 11 14 16 24 28 29 33 35 66 67 70 71 77 78 81 82,20,1 2 4 5 10 11 13 14 28 29 31 32 66 67 70 71 77 78 81 82,22,1 3 4 8 9 11 20 22 23 25 53 55 56 60 61 63 72 74 75 79 80 82
83,exact,0,23,21,1 2 6 8 9 13 19 21 22 26 27 56 57 67 71 73 74 76 80 82 83,20,2 3 5 6 11 12 14 15 29 30 32 64 66 69 70 75 77 78 82 83,22,1 2 4 5 11 12 16 24 26 29 35 39 55 60 63 64 70 72 78 79 82 83
84,exact,0,24,22,1 3 4 8 9 11 16 20 22 25 27 48 55 57 70 72 73 75 79 81 82 84,22,1 3 4 6 10 12 13 15 28 30 37 58 60 63 65 69 74 76 77 81 82 84,22,1 3 4 8 10 18 21 23 27 29 30 58 60 61 63 69 73 74 76 81 82 84
85,exact,0,24,20,1 2 4 8 10 11 13 17 27 28 57 58 69 73 75 76 78 82 84 85,20,1 2 4 5 10 12 13 17 26 28 57 58 69 73 75 76 78 82 84 85,23,1 3 4 6 10 18 20 21 25 27 28 54 58 60 63 64 67 75 77 78 82 84 85
86,exact,0,24,22,1 2 5 7 10 11 14 16 24 28 29 58 59 63 71 73 76 77 80 82 85 86,22,1 2 5 7 10 11 14 16 24 28 29 58 59 63 71 73 76 77 80 82 85 86,22,1 2 4 8 9 11 19 22 23 26 55 59 61 64 65 68 76 78 79 83 85 86
87,exact,0,24,21,1 2 4 8 10 11 13 17 27 28 58 59 63 71 73 76 77 80 82 85 86,21,2 3 6 8 11 12 15 17 25 29 30 61 62 71 75 76 78 83 84 86 87,22,1 2 4 8 10 11 22 23 27 28 30 51 60 62 65 66 77 78 83 84 86 87
88,exact,0,24,22,1 3 4 8 9 11 16 20 22 25 27 62 64 67 69 73 78 80 81 85 86 88,22,1 3 4 6 10 12 13 15 28 30 31 62 64 67 69 73 78 80 81 85 86 88,23,1 2 4 8 9 19 23 25 26 35 39 58 60 64 65 67 75 78 79 82 84 87 88
89,exact,0,24,22,1 2 4 8 10 11 13 17 27 28 31 59 62 64 73 77 78 80 85 86 88 89,22,1 2 4 8 10 11 13 17 27 28 31 59 62 64 73 77 78 80 85 86 88 89,22,1 3 4 6 10 12 22 24 25 29 30 51 60 64 66 67 71 79 85 86 88 89
90,exact,0,24,22,1 3 4 8 9 11 16 20 22 25 26 62 63 67 75 77 80 81 84 86 89 90,22,1 3 4 8 9 11 16 20 22 25 26 62 63 67 75 77 80 81 84 86 89 90,23,2 3 5 6 11 15 21 23 26 30 32 33 42 65 67 68 72 75 80 86 87 89 90
91,exact,0,24,23,2 3 5 6 11 12 14 15 29 30 32 33 65 66 70 71 73 79 83 84 86 90 91,22,1 2 4 8 10 11 13 17 27 28 31 65 66 70 71 73 79 83 84 86 90 91,23,1 2 4 5 10 11 23 25 26 30 31 33 54 66 68 69 73 74 76 87 88 90 91
92,exact,0,25,23,1 3 4 8 9 11 16 20 22 25 27 60 62 63 65 78 80 81 83 87 89 90 92,23,1 3 4 8 9 11 16 20 22 25 27 60 62 63 65 78 80 81 83 87 89 90 92,24,1 3 4 8 9 11 22 24 25 31 32 34 52 66 68 69 74 76 77 81 87 89 90 92
93,exact,0,25,23,1 2 4 8 10 11 13 17 27 28 31 57 63 66 68 77 81 82 84 89 90 92 93,23,1 2 4 5 10 12 13 17 26 28 31 37 63 66 67 77 81 83 84 86 90 92 93,24,1 2 4 8 10 11 13 23 27 28 30 34 62 65 69 70 72 80 83 84 87 89 92 93
94,exact,0,25,24,1 2 5 7 10 11 14 16 24 28 29 58 63 64 66 67 81 82 84 85 90 91 93 94,25,1 2 5 7 10 11 14 16 24 28 29 33 35 62 66 67 71 79 81 84 85 88 90 93 94,24,1 3 4 8 9 11 22 23 25 26 31 32 34 68 70 71 76 78 79 83 89 91 92 94
95,exact,0,26,23,1 2 4 5 10 11 13 14 28 30 31 63 64 66 67 81 82 84 85 90 91 93 94,24,2 3 6 8 11 12 15 17 25 29 30 59 63 65 66 68 82 83 85 86 91 92 94 95,24,1 2 4 5 10 11 13 23 26 28 32 56 58 64 67 68 71 73 77 85 91 92 94 95
96,exact,0,26,24,1 3 7 8 10 14 16 23 26 28 34 35 37 70 72 75 77 81 86 88 89 93 94 96,24,1 3 7 9 10 12 16 18 28 30 58 60 64 66 67 69 82 84 85 87 91 93 94 96,24,1 2 5 6 12 14 20 21 24 25 31 32 65 67 70 71 74 84 86 87 92 93 95 96
97,exact,0,26,23,1 2 4 8 10 11 13 17 27 28 31 42 63 70 72 78 79 85 89 90 94 96 97,23,1 2 4 8 10 11 13 17 28 29 31 35 67 70 72 81 85 86 88 93 94 96 97,24,1 2 4 5 10 11 24 25 27 32 35 42 58 67 70 72 75 85 87 88 90 94 96 97
98,exact,0,26,25,1 2 4 5 10 11 13 14 28 29 32 33 39 66 70 71 75 83 85 88 89 92 94 97 98,25,1 2 4 5 10 11 13 14 28 29 31 32 39 66 70 71 75 83 85 88 89 92 94 97 98,23,1 3 7 8 10 20 24 27 29 35 36 49 70 72 73 77 79 87 89 92 93 96 98
99,exact,0,26,25,2 3 6 8 11 12 15 17 25 29 30 34 61 67 69 70 72 86 87 89 90 95 96 98 99,25,1 2 4 5 10 11 13 14 28 30 31 33 39 66 70 71 75 83 85 88 89 92 94 97 98,24,1 2 4 5 10 12 13 17 26 27 31 34 68 69 73 74 76 87 88 90 94 96 97 99
100,exact,0,27,25,1 3 4 8 9 11 16 20 22 25 27 56 64 66 69 70 73 86 88 89 91 95 97 98 100,25,1 3 4 8 9 11 16 20 22 25 27 62 64 65 67 71 73 83 85 89 91 92 94 98 100,25,1 3 4 6 10 12 13 24 26 27 31 32 34 68 69 74 75 77 78 90 92 93 97 98 100
101,exact,0,27,24,1 2 4 5 10 12 13 17 26 28 31 37 65 68 74 76 85 89 90 92 97 98 100 101,24,1 2 4 5 10 12 13 17 26 28 31 65 67 71 73 74 85 89 91 92 94 98 100 101,26,1 2 4 5 11 12 24 26 27 32 34 54 58 68 70 71 73 77 79 80 91 93 94 98 99 101
102,exact,0,27,25,1 2 5 7 10 11 14 16 24 28 29 33 35 36 77 78 81 83 87 92 94 95 99 100 102,25,1 2 5 7 10 11 14 16 24 28 29 33 35 70 71 73 74 89 90 92 93 98 99 101 102,25,1 3 4 8 9 11 24 27 28 33 34 36 49 54 73 77 79 82 83 86 88 96 98 101 102
103,exact,0,27,24,1 2 5 6 12 14 15 17 21 31 34 35 38 72 73 83 84 89 90 92 98 99 102 103,26,2 3 6 8 11 12 15 17 25 29 30 34 37 67 70 74 75 79 87 89 92 93 96 98 101 102,25,1 2 4 8 9 13 21 23 26 27 30 32 35 36 72 74 75 77 81 91 95 96 100 102 103
104,exact,0,28,26,1 3 4 6 10 12 13 15 28 30 31 33 37 39 40 78 80 83 85 89 94 96 97 101 102 104,26,1 3 4 6 10 12 13 15 28 30 31 33 37 39 40 78 80 83 85 89 94 96 97 101 102 104,26,1 3 7 9 10 12 16 27 28 30 34 37 39 70 74 76 79 80 83 85 93 95 98 99 102 104
105,exact,0,28,24,1 2 4 5 10 12 13 17 26 28 34 36 37 75 78 82 84 87 95 97 98 102 104 105,24,1 2 4 5 10 12 13 17 26 28 31 69 70 72 78 80 89 93 94 96 101 102 104 105,26,1 2 4 5 10 12 21 26 28 29 33 34 43 59 70 71 73 78 79 93 95 96 101 102 104 105
106,exact,0,28,26,1 2 4 5 10 11 13 14 28 29 32 33 71 72 74 78 79 83 91 93 96 97 100 102 105 106,26,1 2 5 7 10 11 14 16 24 28 29 33 35 36 72 73 76 77 88 90 93 94 101 102 105 106,27,1 2 5 7 10 11 14 16 24 28 29 33 35 36 72 74 78 79 83 91 93 96 97 100 102 105 106
107,exact,0,28,26,1 2 4 5 10 11 13 14 28 30 31 35 36 72 74 78 79 83 91 93 96 97 100 102 105 106,26,1 2 4 5 10 12 13 17 26 27 31 34 71 72 74 78 79 83 91 93 96 97 100 102 105 106,27,1 2 4 8 10 11 13 28 29 31 32 37 38 41 76 77 79 83 84 86 94 97 98 101 103 106 107
108,exact,0,28,26,1 3 6 7 10 12 15 16 28 30 33 35 71 73 74 78 79 81 94 96 97 99 103 105 106 108,27,1 3 4 6 10 12 13 15 28 30 31 33 37 39 40 42 82 84 87 89 93 98 100 101 105 106 108,27,1 2 4 5 10 11 24 25 27 28 33 35 36 73 74 76 80 81 85 93 95 98 99 102 104 107 108
109,exact,0,28,26,1 2 4 8 10 11 13 17 27 28 34 36 69 73 74 76 82 84 93 97 98 100 105 106 108 109,27,1 2 4 5 10 12 13 17 26 28 34 36 37 45 74 75 79 81 82 93 97 99 100 102 106 108 109,26,1 2 4 5 10 11 22 27 28 30 31 36 47 74 75 79 81 82 96 97 99 100 105 106 108 109
110,exact,0,28,27,1 3 4 6 10 12 13 15 28 30 31 33 37 75 76 78 82 83 87 95 97 100 101 104 106 109 110,28,1 2 5 7 10 11 14 16 24 28 29 33 35 36 75 76 78 82 83 87 95 97 100 101 104 106 109 110,26,1 2 4 5 10 11 13 14 28 29 31 35 36 40 77 80 81 84 86 89 100 102 103 107 108 110
111,exact,0,29,26,2 3 6 8 11 12 15 17 25 29 30 34 36 37 75 76 80 92 94 97 98 103 105 106 110 111,27,2 3 6 8 11 12 15 17 25 29 30 34 36 74 76 77 81 82 84 98 99 101 102 107 108 110 111,28,1 2 4 5 10 11 13 26 28 29 34 35 37 38 49 76 77 81 83 84 98 99 101 102 107 108 110 111
112,exact,0,29,26,1 3 7 9 10 12 16 18 28 32 34 37 39 43 45 86 88 91 93 97 102 104 105 109 110 112,27,1 3 4 8 9 11 16 20 22 25 27 68 70 74 76 77 79 83 85 95 97 101 103 104 106 110 112,27,1 3 4 9 10 12 13 26 28 29 31 35 37 75 76 78 79 84 85 87 100 101 103 104 109 110 112
113,exact,0,29,27,1 2 4 8 10 11 13 17 28 29 31 35 36 38 77 78 80 86 88 97 101 102 104 109 110 112 113,27,1 2 4 8 10 11 13 17 28 29 31 35 36 38 76 77 83 86 88 97 101 102 104 109 110 112 113,28,1 2 4 5 10 11 13 14 28 29 31 32 37 74 76 77 79 83 85 86 100 101 103 104 109 110 112 113
114,exact,0,30,27,1 2 5 7 10 11 14 16 24 28 29 33 35 39 74 80 81 83 87 95 99 101 105 106 108 112 114,29,1 2 5 7 10 11 14 16 24 28 29 33 35 36 73 76 78 81 82 85 87 99 100 103 105 108 109 112 114,28,1 3 4 8 10 11 22 26 28 29 31 35 37 38 77 78 80 85 86 88 89 102 104 105 107 111 113 114
115,exact,0,30,27,1 2 4 5 10 11 13 14 28 30 34 36 37 39 78 80 85 88 89 99 103 105 106 108 112 114 115,28,2 3 6 8 11 12 15 17 25 29 30 34 36 37 78 80 81 85 86 88 102 103 105 106 111 112 114 115,28,1 2 4 5 10 11 13 14 28 30 33 34 37 75 78 79 82 84 87 88 100 102 105 106 109 111 114 115
116,exact,0,30,27,1 3 7 8 12 14 18 19 32 36 38 39 41 78 80 84 86 87 89 102 104 105 107 111 113 114 116,27,1 3 7 9 10 12 16 18 28 30 34 36 37 39 78 82 84 85 89 101 102 105 107 110 111 114 116,29,1 2 4 5 10 11 13 14 29 30 32 33 38 39 41 42 85 86 89 91 94 95 98 106 108 109 113 115 116
117,exact,0,30,27,1 2 4 5 10 12 13 17 26 28 34 36 37 49 80 82 87 90 91 101 105 107 108 110 114 116 117,27,1 2 4 5 10 12 13 17 26 28 34 36 37 80 82 83 87 89 90 101 105 107 108 110 114 116 117,28,1 2 4 5 10 11 13 14 28 30 31 36 37 39 79 80 85 86 88 89 104 105 107 108 113 114 116 117
118,exact,0,30,29,1 3 4 6 10 12 13 15 28 30 31 33 37 39 40 83 84 86 90 91 95 103 105 108 109 112 114 117 118,29,1 2 4 5 10 11 13 14 28 29 31 35 37 38 79 80 82 86 88 89 91 104 106 107 109 113 115 116 118,29,1 2 4 5 10 11 13 14 29 30 32 36 37 39 79 80 82 87 88 90 91 105 106 108 109 114 115 117 118
119,exact,0,30,28,2 3 6 8 11 12 15 17 25 29 30 34 36 40 83 84 86 90 91 95 103 105 108 109 112 114 117 118,29,2 3 5 6 11 12 14 15 29 30 32 36 38 39 41 51 82 86 89 93 94 103 107 108 110 115 116 118 119,29,1 2 4 5 10 11 13 14 28 29 31 32 37 38 40 81 82 87 88 90 91 106 107 109 110 115 116 118 119
120,exact,0,30,30,1 3 4 6 10 12 13 15 28 30 31 33 37 39 40 81 82 84 88 90 91 93 106 108 109 111 115 117 118 120,29,1 3 6 7 10 12 15 16 28 30 33 35 39 79 81 82 84 88 90 91 93 106 108 109 111 115 117 118 120,29,1 3 4 6 10 12 13 15 28 30 31 33 37 39 40 42 85 86 88 89 94 96 97 110 112 113 117 118 120
121,exact,0,31,28,1 2 4 8 10 11 13 17 28 29 31 35 36 38 81 85 86 88 94 96 105 109 110 112 117 118 120 121,27,1 2 4 5 10 12 13 17 26 28 31 37 38 81 85 86 88 94 96 105 109 110 112 117 118 120 121,31,1 2 4 5 10 11 13 14 28 29 31 32 37 38 40 41 82 83 85 89 91 92 94 107 109 110 112 116 118 119 121
122,exact,0,32,31,1 2 4 5 10 11 13 14 29 30 32 33 38 39 41 82 83 85 86 91 92 94 95 109 110 112 113 118 119 121 122,30,1 3 6 7 10 12 15 16 28 30 33 34 37 39 42 43 84 88 90 94 95 99 107 109 112 113 116 118 121 122,32,1 2 4 5 10 11 13 14 28 29 31 32 37 38 40 41 82 83 85 86 91 92 94 95 109 110 112 113 118 119 121 122
123,exact,0,32,30,2 3 5 6 11 12 14 15 29 30 32 33 38 39 41 42 85 87 90 91 94 96 110 111 113 114 119 120 122 123,28,1 2 4 5 10 11 13 14 28 30 31 35 36 38 82 83 89 90 93 94 109 110 112 113 118 119 121 122,31,1 2 4 5 10 11 13 14 29 30 32 33 38 39 41 83 84 86 87 92 93 95 96 110 111 113 114 119 120 122 123
124,exact,0,32,29,1 3 6 7 10 12 15 16 28 32 33 35 39 80 82 86 88 89 91 95 97 107 109 113 115 116 118 122 124,29,1 3 4 6 10 12 13 15 28 30 31 33 37 39 40 42 84 86 87 89 93 106 107 111 113 117 118 122 124,32,1 2 4 5 10 11 13 14 29 30 32 33 38 39 41 42 84 85 87 88 93 94 96 97 111 112 114 115 120 121 123 124
125,exact,0,32,29,1 2 4 5 10 12 13 17 26 28 31 37 38 41 84 86 89 90 95 97 98 109 113 115 116 118 122 124 125,28,1 2 4 8 10 11 13 17 27 28 31 36 40 42 85 89 90 92 98 100 109 113 114 116 121 122 124 125,31,1 3 4 6 10 12 13 15 28 30 31 33 37 39 40 42 86 88 89 91 95 97 98 109 113 115 116 118 122 124 125
126,exact,0,32,32,1 2 4 5 10 11 13 14 28 29 31 32 37 38 40 41 84 85 88 90 93 94 97 99 111 112 115 117 120 121 124 126,31,1 3 4 6 10 12 13 15 28 30 31 33 37 39 40 42 85 88 89 92 94 97 98 113 114 116 117 122 123 125 126,31,1 2 4 5 10 11 13 14 30 32 33 35 39 41 42 85 86 88 89 94 95 97 98 113 114 116 117 122 123 125 126
127,exact,0,32,30,2 3 6 8 11 12 15 17 25 29 30 34 36 40 82 84 85 90 93 94 97 107 111 113 114 116 122 123 126 127,30,1 2 5 6 12 14 15 17 21 31 34 35 38 43 44 46 88 92 94 98 99 103 111 113 116 117 120 122 125 126,31,1 2 4 8 10 11 13 17 29 31 34 35 38 40 43 44 88 89 91 92 97 98 100 101 115 116 118 119 124 125 127
128,exact,0,32,32,1 3 4 6 10 12 13 15 28 30 31 33 37 39 40 42 87 89 90 92 96 98 99 101 114 116 117 119 123 125 126 128,31,128 1 3 4 6 10 12 13 15 28 30 31 33 37 39 40 42 86 90 92 93 95 99 101 111 113 117 119 120 122 126,32,128 1 2 4 5 10 11 13 14 28 29 31 32 37 38 40 41 86 87 89 90 95 96 98 99 115 116 118 119 124 125 127
129,exact,0,32,28,1 2 4 5 10 12 13 17 26 28 31 37 38 41 89 92 93 99 102 104 113 117 118 120 125 126 128 129,28,128 129 2 1 4 8 9 13 19 20 23 28 35 40 41 46 89 93 94 96 102 104 113 117 118 120 125 126,32,128 1 129 2 4 5 10 11 13 14 28 29 31 32 37 38 40 41 86 87 89 90 96 97 99 100 116 117 119 120 125 126
130,exact,0,32,32,1 3 4 6 10 12 13 15 28 30 31 33 37 39 40 42 89 91 92 94 98 100 101 103 116 118 119 121 125 127 128 130,31,1 130 3 129 4 6 10 12 13 15 28 30 31 33 37 39 40 42 89 92 93 96 98 101 102 117 118 120 121 126 127,32,1 130 2 4 5 129 10 11 13 14 29 31 32 34 38 40 41 43 87 88 90 91 97 98 100 101 117 118 120 121 126 127
131,exact,0,32,30,1 2 4 5 10 12 13 17 26 27 31 34 38 43 46 86 89 94 98 101 105 106 115 119 120 122 127 128 130 131,30,129 2 3 130 6 7 13 14 17 18 35 36 38 39 44 45 47 48 95 96 98 102 103 107 115 117 120 121 124 126,32,1 130 131 4 2 5 10 11 13 14 29 31 32 34 38 40 41 43 89 91 94 95 98 100 103 104 116 118 121 122 125 127
132,exact,0,32,31,1 3 7 9 10 12 16 18 28 32 34 37 39 43 45 88 90 94 96 97 99 103 105 115 117 121 123 124 126 130 132,31,1 130 3 132 4 6 10 12 13 15 28 30 31 33 37 39 40 42 88 90 94 96 99 101 105 115 117 121 123 124 126,32,128 1 129 131 4 132 5 2 10 11 13 14 29 31 32 34 38 40 41 43 88 90 91 93 97 99 100 102 119 120 122 123
133,exact,0,32,29,1 2 4 8 10 11 13 17 27 28 31 36 40 42 47 96 98 99 103 105 106 117 121 123 124 126 130 132 133,29,1 130 2 132 133 4 129 8 10 11 13 17 27 28 34 36 42 81 85 93 97 98 100 106 108 117 121 122 124,31,1 130 2 132 5 133 129 4 10 12 13 30 31 34 35 41 42 44 45 90 92 93 95 99 101 102 104 120 121 123 124
134,exact,0,32,32,1 3 6 7 10 12 15 16 28 30 33 34 37 39 42 43 93 95 96 98 102 104 105 107 120 122 123 125 129 131 132 134,31,1 130 3 131 133 134 7 6 10 12 15 16 28 30 33 34 37 39 42 43 95 97 98 100 104 106 107 121 122 124 125,32,1 130 131 4 133 134 2 5 10 11 13 14 32 34 35 37 43 44 46 47 94 95 97 98 103 104 106 107 121 122 124 125
135,exact,0,32,31,2 3 5 6 11 12 14 15 30 31 34 35 41 42 44 93 94 96 97 102 103 105 106 121 122 124 125 130 131 133 134,30,128 1 2 132 5 134 135 6 12 14 15 17 21 31 34 35 38 43 44 46 94 98 100 105 108 109 119 123 125 126,32,1 2 131 132 4 134 135 5 10 11 13 14 28 31 32 37 38 40 41 47 95 96 98 99 104 105 107 108 122 123 125 126
136,exact,0,32,31,1 3 7 8 12 14 18 19 32 36 38 39 41 47 49 92 94 98 100 101 103 107 109 119 121 125 127 128 130 134 136,30,1 130 3 131 134 7 136 9 10 12 16 18 28 30 34 36 37 39 43 45 90 98 102 104 107 109 121 122 125 127,32,1 2 132 4 5 135 136 133 10 11 13 14 28 29 31 32 37 38 40 41 89 90 95 96 98 99 104 105 123 124 126 127
137,exact,0,33,30,1 2 4 8 10 11 13 17 28 29 31 36 37 40 42 96 98 101 102 107 109 110 121 125 127 128 130 134 136 137,30,128 1 2 130 4 134 136 137 8 10 11 13 17 27 28 31 36 40 42 47 96 98 101 102 107 109 110 121 125 127,32,128 1 2 130 5 134 7 136 137 10 11 14 16 28 32 34 35 37 43 44 47 94 98 100 101 103 107 109 110 121 125 127
138,exact,0,33,31,1 2 4 5 10 11 13 14 28 29 31 32 37 38 40 41 99 101 102 104 108 110 111 125 126 128 129 134 135 137 138,32,1 2 129 132 5 6 133 136 138 13 14 16 17 34 35 37 41 43 44 46 50 96 97 100 102 105 106 109 111 123 124 127,31,1 2 129 4 5 134 135 137 138 10 12 13 27 28 30 31 36 37 39 40 90 91 93 94 100 101 103 104 122 126 127
139,exact,0,33,31,1 2 4 8 10 11 13 17 27 28 31 36 38 42 47 94 95 97 98 103 104 106 107 123 124 126 127 133 134 137 138,31,1 2 131 4 133 134 5 138 139 10 11 14 13 28 30 34 35 37 41 79 92 93 97 99 103 104 108 120 122 125 126,32,1 129 3 4 133 132 6 130 138 139 12 13 10 15 30 31 33 34 39 40 42 43 94 96 97 102 103 105 106 111 123 124
140,exact,0,33,32,1 3 7 8 12 14 18 19 32 36 38 39 41 47 48 51 96 98 102 104 105 107 111 113 123 125 129 131 132 134 138 140,32,1 129 3 4 132 134 6 131 138 10 140 13 12 15 28 30 31 33 37 39 40 42 96 98 102 104 105 107 111 113 123 125,32,128 129 1 2 4 5 131 135 137 138 11 140 10 13 14 32 34 35 37 43 44 46 47 94 96 97 99 105 106 108 109 126
141,exact,0,33,29,1 2 4 8 9 13 19 20 23 28 35 40 41 46 49 101 105 106 108 114 116 125 129 130 132 137 138 140 141,29,1 2 130 4 132 129 8 137 138 10 140 141 11 13 17 27 28 34 36 42 47 49 101 104 105 111 114 116 125,32,1 2 130 4 5 132 135 136 10 139 12 141 13 17 34 36 37 39 43 45 46 48 97 99 100 105 106 108 109 114 126 127
142,exact,0,33,31,1 2 4 5 10 11 13 14 28 29 31 32 37 38 40 41 101 104 105 108 110 113 114 129 130 132 133 138 139 141 142,32,1 130 3 4 129 6 137 138 10 12 141 142 13 15 28 30 31 33 37 39 40 42 93 94 96 97 102 103 105 106 125 126,32,1 130 3 4 133 132 129 9 10 139 138 141 142 13 12 18 31 34 39 40 42 43 48 51 102 103 105 106 111 112 114 115
143,exact,0,33,31,1 2 6 8 12 13 17 19 27 29 34 38 40 43 44 98 100 101 106 109 110 113 123 127 129 130 132 138 139 142 143,31,128 2 3 130 5 6 131 137 138 11 12 141 142 14 15 30 31 33 34 39 40 42 43 97 98 103 105 106 110 111 127,32,1 2 131 4 5 134 133 130 10 139 140 13 142 143 11 14 35 36 38 39 45 47 48 50 100 101 103 104 110 111 113 114
144,exact,0,33,30,1 3 7 9 10 12 16 18 28 32 34 37 39 43 45 95 104 108 110 111 117 119 122 129 131 135 137 138 142 144,32,1 129 3 133 7 136 9 138 135 12 10 142 144 16 18 28 30 34 36 37 39 43 45 100 102 106 108 109 111 115 117 127,32,1 2 131 132 5 6 134 135 140 141 12 143 144 14 15 17 21 34 35 38 39 45 46 48 97 99 100 102 106 108 109 111
145,exact,0,34,30,1 2 4 5 10 12 13 17 26 28 34 36 37 41 49 104 106 109 110 115 117 118 129 133 135 136 138 142 144 145,30,1 2 129 4 133 135 8 136 138 10 11 13 142 144 145 17 28 29 31 36 37 40 42 97 99 104 110 112 118 119,32,1 2 130 132 5 133 7 129 138 139 10 141 142 11 14 16 33 35 36 38 42 44 45 47 95 96 99 100 106 107 110 111
146,exact,0,34,32,1 2 5 6 12 13 16 17 34 35 37 38 43 45 46 50 106 107 109 110 115 116 118 119 133 134 136 137 142 143 145 146,32,1 2 131 4 5 132 135 137 10 11 140 141 13 14 144 146 28 29 31 35 37 38 40 50 104 105 108 110 113 114 117 119,33,1 2 131 4 5 132 135 137 10 11 140 13 14 141 144 146 30 31 34 35 41 42 44 45 62 96 100 105 106 108 109 115 117
147,exact,0,34,32,1 2 6 7 9 14 15 18 20 32 36 41 42 45 47 51 106 107 109 110 115 116 118 119 133 134 136 137 142 143 145 146,31,1 2 131 4 135 8 137 10 138 140 11 13 144 17 146 147 27 28 31 36 38 42 47 85 99 101 106 112 114 120 121,32,1 3 4 133 6 134 136 131 10 12 13 142 143 15 146 147 31 32 35 37 40 41 44 46 97 98 101 102 108 109 111 112
148,exact,0,34,31,1 3 7 8 12 14 18 19 32 34 39 40 42 43 51 53 104 106 110 112 115 117 121 131 133 137 139 140 142 146 148,31,1 3 4 133 6 135 10 139 12 141 142 15 13 146 148 28 30 31 33 37 39 40 42 99 108 112 114 115 121 123 126,33,2 3 5 6 135 136 138 139 12 11 14 15 144 145 147 148 29 30 32 33 38 39 41 42 96 98 101 102 107 109 110 114 115
149,exact,0,34,30,1 2 4 5 10 12 13 17 26 28 34 36 37 41 49 101 109 113 114 116 122 124 133 137 138 140 145 146 148 149,31,1 2 130 4 131 8 137 10 11 141 142 13 17 146 148 149 28 29 31 35 36 38 94 97 101 104 109 110 115 122 127,33,1 2 4 5 136 137 10 11 140 13 14 139 145 146 148 149 29 34 36 37 41 42 49 51 52 104 106 109 110 113 115 118 119
150,exact,0,35,32,1 3 6 7 10 12 15 16 28 30 33 34 37 39 42 43 108 109 112 114 117 118 121 123 135 136 139 141 144 145 148 150,32,1 2 4 5 134 135 137 138 10 11 13 14 145 146 149 150 28 29 33 35 36 40 49 50 101 105 106 108 113 114 116 117,32,1 2 4 5 137 10 11 140 13 14 138 141 146 147 149 150 29 30 32 33 38 39 41 42 98 99 104 105 113 114 116 117
151,exact,0,35,31,1 2 6 7 9 14 15 18 20 32 36 37 41 43 47 48 105 110 114 116 121 124 125 135 139 141 142 144 148 150 151,31,2 3 5 6 135 136 138 11 12 139 14 15 145 146 149 150 29 30 32 33 38 39 41 42 105 106 108 114 115 118 119,32,1 2 4 8 138 11 139 141 142 13 10 17 147 148 150 151 29 35 36 38 39 44 46 51 102 104 105 107 113 115 116 118
152,exact,0,35,31,1 3 4 8 9 11 16 20 22 25 27 44 48 54 55 108 110 114 116 117 119 123 125 135 137 141 143 144 146 150 152,31,128 1 3 131 133 7 9 10 137 12 142 144 145 16 18 149 150 152 28 30 34 36 37 39 43 45 98 99 105 109 126,33,1 3 4 8 9 136 11 140 141 143 16 148 149 20 151 152 27 33 35 40 41 44 52 56 99 105 110 113 114 117 119 122 126
153,exact,0,35,31,1 2 4 8 10 11 13 17 27 28 31 36 40 42 47 101 105 113 117 118 120 126 128 137 141 142 144 149 150 152 153,31,1 2 131 4 5 134 135 10 12 13 141 145 146 17 150 152 153 26 28 34 36 37 41 49 98 105 108 113 114 119 126,33,1 2 5 7 10 11 140 141 14 143 144 16 149 150 152 153 32 33 35 36 43 44 46 47 66 104 110 111 113 114 119 120 123
154,exact,0,35,32,1 2 4 5 10 11 13 14 28 29 31 35 37 38 40 50 113 115 116 118 122 124 125 127 140 142 143 145 149 151 152 154,31,1 3 6 7 10 139 140 12 143 15 145 16 148 149 152 154 28 30 33 35 39 47 52 112 113 116 118 121 122 125 127,33,1 2 4 5 10 11 13 142 14 144 141 145 150 151 153 154 28 32 34 35 37 41 44 49 102 103 107 108 110 115 116 119 121
155,exact,0,35,32,1 2 6 7 9 14 15 18 20 32 36 41 42 45 47 51 56 59 119 120 122 126 127 131 139 141 144 145 148 150 153 154,31,2 3 5 6 11 12 140 142 14 15 143 139 149 150 153 154 29 30 32 33 38 40 41 107 109 112 113 116 118 121 122,33,1 2 5 6 139 12 141 14 15 144 145 17 148 21 150 153 154 35 38 39 42 44 47 51 54 109 110 112 113 119 120 122 123
156,exact,0,35,32,1 3 7 9 10 12 16 18 28 32 34 37 39 43 45 99 104 106 114 115 117 118 123 125 138 139 143 145 149 150 154 156,31,1 129 3 7 8 10 139 141 14 16 145 147 148 150 23 26 154 28 156 34 35 37 41 50 57 112 114 118 120 123 125,33,1 3 4 6 10 12 13 142 143 15 145 146 152 153 155 156 33 34 38 39 41 46 47 50 52 113 114 116 117 122 123 125 126
157,exact,0,36,31,1 2 4 5 10 12 13 17 26 28 34 36 37 41 49 53 109 116 121 122 124 129 130 141 145 147 148 150 154 156 157,31,1 2 130 4 132 8 10 11 13 141 145 146 17 148 153 154 27 28 156 157 34 36 42 47 49 63 105 117 120 121 127,33,1 2 4 5 10 11 13 14 143 144 146 147 152 153 155 156 29 30 32 33 38 39 41 42 100 101 105 107 108 117 118 120 121
158,exact,0,36,33,1 3 4 8 9 11 16 20 22 25 26 38 45 53 55 58 59 118 119 121 122 127 128 130 131 145 146 148 149 154 155 157 158,33,1 129 3 4 131 8 9 11 143 144 16 147 20 149 22 152 25 153 27 156 158 44 48 54 55 57 58 116 117 120 122 125 126,33,1 2 4 5 10 11 13 14 143 141 147 149 150 152 156 158 30 37 38 40 41 48 51 53 57 106 108 114 116 117 121 123 127
159,exact,0,36,32,1 2 6 8 9 13 19 21 22 26 27 47 49 54 55 58 112 113 117 119 123 124 128 140 142 145 146 151 153 154 158 159,31,1 2 129 5 6 134 133 12 14 15 143 17 147 148 21 150 155 156 158 159 31 34 35 38 43 44 46 114 117 122 126,33,1 3 4 8 9 11 16 145 147 148 20 150 154 156 157 159 41 42 44 45 50 51 53 54 69 110 111 116 117 119 120 125 126
160,exact,0,36,33,1 3 4 8 9 11 16 20 22 25 27 44 48 54 55 57 58 119 121 122 124 128 130 131 133 146 148 149 151 155 157 158 160,33,1 3 134 7 136 9 10 139 12 141 16 145 18 150 152 153 28 157 158 30 160 34 36 37 39 43 45 103 104 106 107 113 117,34,1 2 5 7 10 11 14 144 16 146 147 149 155 156 159 160 32 34 39 40 42 43 51 55 56 104 112 114 117 118 121 123 126 127
161,exact,0,36,32,1 2 4 8 9 13 19 20 23 28 35 40 41 46 49 53 56 120 122 125 126 131 133 134 145 149 151 152 154 158 160 161,32,1 2 4 5 134 136 10 12 13 142 143 17 149 153 26 154 28 158 160 161 34 36 37 41 49 53 109 113 116 121 122 127,34,1 2 4 5 135 10 12 141 142 13 144 145 17 152 154 157 158 161 35 39 41 42 44 48 50 51 64 105 107 110 114 117 119 122
162,exact,0,36,32,1 2 4 5 10 11 13 14 28 29 33 35 36 40 49 50 113 117 119 120 122 126 128 129 146 147 149 150 157 158 161 162,32,1 130 3 4 133 134 129 8 9 11 16 20 149 150 22 152 25 26 153 158 159 161 162 38 45 53 55 58 59 120 122 123,33,1 2 5 7 10 11 14 142 16 145 144 147 154 155 28 159 160 32 162 34 35 37 43 44 47 105 107 108 110 117 118 121 123
163,exact,0,37,31,1 2 5 6 12 14 15 17 21 31 34 35 38 43 44 46 117 122 126 128 133 136 137 147 151 153 154 156 160 162 163,31,128 2 3 130 5 6 134 135 11 12 139 14 15 147 149 152 153 156 29 30 158 32 161 162 33 38 39 41 42 105 124,35,1 2 5 6 133 12 14 143 15 17 147 149 150 152 158 159 162 163 36 35 40 41 43 48 49 52 54 110 112 113 115 121 122 125 126
164,exact,0,37,33,1 3 4 6 10 12 13 15 28 30 31 33 37 39 40 42 107 108 110 111 117 121 138 140 143 145 149 154 156 157 161 162 164,32,1 3 4 8 9 138 11 140 143 16 145 20 149 22 25 154 27 156 157 161 162 164 44 48 54 55 67 98 110 111 117 121,34,128 2 3 130 133 6 134 8 11 12 15 17 151 152 25 154 155 160 161 163 164 37 43 45 46 51 52 54 60 76 119 121 124 125
165,exact,0,38,32,1 2 4 8 10 11 13 17 28 29 31 36 37 40 42 107 113 117 120 125 126 131 138 140 146 147 153 157 158 162 164 165,32,1 2 130 4 5 132 129 137 10 138 12 13 17 149 153 26 155 28 156 158 162 34 164 165 36 37 41 49 53 113 117 124,34,128 1 2 131 130 133 6 7 9 137 14 15 18 20 149 151 154 155 158 160 163 164 37 40 41 44 50 52 53 57 58 118 121 122
166,exact,0,38,33,1 3 4 8 9 11 16 20 22 25 27 44 48 54 55 57 58 65 67 128 132 134 138 139 143 151 153 156 157 160 162 165 166,32,1 130 3 4 133 6 134 131 10 12 13 15 151 152 154 155 28 30 31 161 162 33 165 166 37 39 40 42 121 122 124 125,34,128 1 2 4 5 10 11 140 13 14 150 154 155 157 31 32 34 163 162 165 166 38 41 43 46 47 95 109 112 113 119 121 122 124
167,exact,0,38,32,1 2 4 8 10 11 13 17 27 28 31 36 38 42 47 94 113 114 117 122 123 136 137 147 148 153 154 156 162 163 166 167,33,1 2 132 6 7 136 9 14 15 18 20 148 150 153 154 159 32 161 162 36 37 166 167 41 43 47 48 112 115 117 123 125 126,34,1 3 4 133 8 9 11 16 144 148 149 20 151 156 30 160 162 35 34 166 167 42 43 45 46 53 109 111 112 114 120 124 125 127
168,exact,0,38,32,1 3 4 6 10 12 13 15 28 31 32 35 37 40 102 111 112 114 115 121 125 142 144 147 149 153 158 160 161 165 166 168,33,1 3 7 9 10 12 142 16 144 18 147 149 153 28 158 30 160 161 34 36 165 166 37 168 39 43 45 111 112 114 115 121 125,34,1 2 129 131 5 132 7 10 11 14 16 155 156 158 159 34 35 164 165 38 167 168 40 47 48 50 51 77 110 112 113 115 124 125
169,exact,0,39,32,1 2 4 8 10 11 13 17 28 29 34 36 37 42 49 53 117 121 129 133 134 136 142 144 153 157 158 160 165 166 168 169,33,1 2 130 4 129 135 8 10 11 13 142 17 147 150 151 28 157 29 161 162 34 36 37 166 168 169 42 49 53 114 117 121 124,34,1 3 4 132 133 8 9 136 11 138 16 20 22 26 155 157 158 160 164 166 167 169 42 45 46 52 54 55 60 61 120 123 124 127
170,exact,0,39,32,1 2 5 6 12 13 15 16 33 34 36 37 42 43 45 46 126 128 132 134 135 137 141 143 153 155 159 161 162 164 168 170,33,128 1 2 5 6 134 136 137 133 13 14 17 18 154 155 158 159 36 165 166 37 39 169 170 43 45 46 48 52 62 121 125 126,34,128 1 129 3 4 8 9 11 16 20 150 151 22 25 156 157 159 165 166 38 169 170 44 45 48 53 55 59 78 116 119 120 123 125
171,exact,0,39,34,1 2 5 6 12 14 15 17 21 31 34 35 38 43 44 46 111 112 116 119 125 129 130 136 140 152 154 157 158 163 165 166 170 171,34,1 2 133 6 7 134 9 138 137 14 15 18 20 155 156 158 159 32 36 165 166 169 170 42 41 45 47 51 56 59 122 123 126 127,34,128 1 2 5 134 7 135 10 11 139 14 22 24 158 159 161 162 35 167 168 170 171 44 45 50 54 57 61 62 105 118 124 125 127
172,exact,0,39,34,1 3 4 8 9 11 16 20 22 25 27 44 48 54 55 57 58 65 128 130 134 136 137 139 143 145 155 157 161 163 164 166 170 172,34,1 129 3 7 8 10 14 16 146 148 23 151 153 26 28 157 162 35 164 165 34 37 169 170 41 172 50 57 108 115 116 118 119 125,34,128 129 2 3 5 6 11 12 14 15 151 152 154 160 164 165 36 167 37 41 171 172 47 48 50 51 56 73 74 115 116 118 125 126
173,exact,0,39,33,1 2 4 5 10 12 13 17 26 28 34 36 37 41 49 53 109 121 125 132 137 138 140 145 146 157 161 163 164 166 170 172 173,33,1 2 4 132 8 9 138 11 140 146 19 147 22 24 28 157 31 161 163 164 166 41 170 172 173 49 50 56 65 66 109 125 127,34,1 2 5 6 135 136 138 139 12 14 15 144 17 21 156 157 160 162 165 166 39 169 171 43 45 46 48 54 58 59 67 124 125 127
174,exact,0,40,33,1 2 5 6 12 13 15 16 33 34 36 37 42 43 45 46 117 118 120 121 127 131 148 150 153 155 159 164 166 167 171 172 174,33,1 129 3 4 132 6 134 131 10 138 12 13 141 15 140 28 30 31 158 159 162 163 33 37 39 40 169 170 42 173 174 115 125,35,1 129 3 4 6 10 138 12 13 142 15 141 139 159 161 164 165 38 39 168 41 170 173 174 45 48 46 56 60 62 96 98 122 124 127
175,exact,0,40,34,1 2 6 8 9 13 19 22 23 26 28 41 49 52 53 58 61 62 130 132 133 138 141 142 145 155 159 161 162 164 170 171 174 175,34,2 3 6 7 135 13 14 16 17 148 150 153 154 157 34 163 35 37 38 167 168 170 43 44 174 175 46 47 114 115 118 123 124 127,35,128 1 3 131 132 6 7 10 12 15 16 151 154 156 160 36 165 37 167 168 40 172 173 46 175 48 49 53 54 75 117 119 122 123 126
176,exact,0,40,34,1 3 7 8 10 14 16 23 26 28 34 35 37 41 50 57 110 118 119 121 122 129 133 150 152 155 157 161 166 168 169 173 174 176,35,1 129 3 133 7 9 10 12 16 18 150 152 155 28 157 30 161 34 36 37 166 39 168 169 43 173 174 45 176 110 112 119 120 122 123,34,1 2 131 4 5 130 135 11 12 141 14 15 142 146 160 164 165 36 167 40 172 173 45 175 176 46 48 49 55 63 101 113 123 126
177,exact,0,40,33,1 2 4 5 10 12 13 17 26 28 31 37 38 41 53 110 118 119 121 129 133 136 141 150 152 157 158 165 169 170 174 176 177,33,128 1 2 129 4 8 137 10 11 13 17 147 150 154 27 28 156 159 31 36 167 40 169 170 42 174 47 176 177 110 113 114 122,35,128 1 2 131 5 6 136 138 139 12 14 15 143 17 21 161 162 167 168 39 170 171 43 45 46 176 177 48 54 55 58 59 121 122 127
178,exact,0,40,34,1 3 6 7 10 12 15 16 28 30 33 34 37 39 42 43 111 112 116 119 137 138 142 148 150 151 161 166 167 169 170 175 176 178,35,1 3 4 131 6 135 10 12 13 15 152 154 28 157 30 159 31 33 163 37 39 168 40 170 171 42 175 176 178 112 114 121 122 124 125,35,128 1 2 5 133 7 135 10 11 140 14 143 16 148 160 34 35 164 165 38 167 37 44 173 46 175 176 47 178 49 98 109 114 124 125
179,exact,0,40,32,1 2 4 5 10 11 13 14 28 30 31 33 37 39 40 107 110 119 133 142 145 146 152 153 163 167 169 170 172 176 178 179,33,1 2 6 7 9 14 15 142 145 18 144 20 149 150 152 32 36 166 167 169 170 42 43 175 176 47 178 179 53 56 60 61 127,35,1 3 4 133 6 134 131 138 139 12 13 141 15 16 35 163 36 38 167 169 170 42 172 45 47 176 178 179 50 51 116 117 120 122 126
180,exact,0,40,35,1 3 4 8 9 11 16 20 22 25 27 44 48 54 55 58 59 103 123 124 126 127 133 137 154 156 159 161 165 170 172 173 177 178 180,35,1 3 4 133 8 9 137 11 16 20 22 25 154 27 156 159 161 165 170 172 173 44 48 177 178 180 54 55 58 59 103 121 122 125 126,36,128 2 3 132 133 7 8 135 10 141 15 16 144 145 19 148 21 165 167 170 171 42 45 174 46 176 49 179 180 51 58 59 61 62 104 127
181,exact,0,40,34,1 2 4 8 9 13 19 20 26 28 35 40 41 46 49 53 59 126 129 133 136 141 142 147 154 159 162 163 169 173 174 178 180 181,33,1 2 4 5 132 133 10 12 13 141 17 151 154 26 28 158 160 34 163 36 37 41 171 173 174 49 178 180 181 53 116 118 126,35,1 2 131 4 134 135 8 10 11 140 13 142 17 148 35 38 167 39 169 170 172 47 176 49 178 179 50 181 52 64 80 82 116 119 123
182,exact,0,40,33,1 2 5 7 10 11 14 16 24 28 29 33 35 39 58 70 113 117 125 142 144 150 151 154 155 169 170 172 173 178 179 181 182,35,1 130 3 6 7 10 138 12 15 16 145 28 157 158 30 161 33 163 34 37 167 39 42 43 172 174 175 179 180 182 117 120 121 124 126,35,2 3 130 6 7 134 137 139 13 142 15 16 18 146 149 22 160 167 40 169 44 173 46 175 176 50 51 180 53 182 57 59 69 106 127
183,exact,0,40,34,1 2 5 6 12 14 15 20 21 31 32 45 46 51 53 54 64 66 67 125 144 148 150 154 155 159 167 169 172 173 176 178 181 182,33,1 2 6 7 9 14 15 144 18 20 148 150 154 155 159 32 36 167 169 42 41 172 173 45 47 176 178 51 181 182 56 59 125,35,1 2 130 4 5 133 132 129 11 13 14 142 16 143 146 148 33 35 36 38 168 169 171 172 45 44 47 48 178 180 181 183 99 100 119
184,exact,0,40,35,1 3 7 9 10 12 16 18 28 30 34 36 37 39 43 45 118 120 127 128 130 131 137 141 158 160 163 165 169 174 176 177 181 182 184,35,1 130 3 129 7 8 137 10 141 14 16 23 26 28 158 160 34 163 35 165 37 169 41 174 176 177 50 181 182 184 57 118 120 126 127,36,1 3 4 133 135 136 9 10 12 13 141 144 145 18 150 151 28 36 37 40 41 171 172 174 175 48 50 51 180 181 183 184 57 58 123 124
185,exact,0,40,34,1 2 4 8 10 11 13 17 28 29 34 36 37 42 49 53 120 123 125 133 136 137 140 156 158 163 165 166 173 177 178 182 184 185,35,1 2 4 133 8 9 137 13 145 20 21 150 23 152 149 28 158 30 160 169 173 174 46 176 49 50 181 182 53 184 185 61 63 66 74,36,1 2 4 5 138 11 139 12 141 15 16 142 147 149 36 37 39 40 170 171 174 175 51 52 181 182 55 184 185 54 84 85 121 122 125 126
186,exact,0,40,35,1 3 4 6 10 12 13 15 28 30 31 33 37 39 40 42 120 122 129 130 132 133 139 143 160 162 165 167 171 176 178 179 183 184 186,34,1 3 4 8 9 137 11 16 146 20 22 151 25 26 154 153 158 159 38 173 174 45 176 177 53 182 183 55 185 186 59 58 62 127,36,1 2 131 5 134 7 136 133 10 11 14 16 148 149 151 152 24 39 40 42 172 174 175 48 177 49 51 181 183 184 186 61 65 102 103 109
187,exact,0,40,35,1 2 6 8 9 18 20 24 26 29 33 36 41 45 55 59 120 126 127 130 135 136 139 147 160 162 165 166 169 175 179 180 182 186 187,36,1 2 129 132 5 6 137 12 141 14 15 143 146 147 20 21 152 156 31 32 168 170 173 174 46 45 179 51 181 182 54 55 186 187 66 68,36,128 1 2 4 5 136 10 139 12 13 138 17 146 147 38 40 43 44 173 175 176 49 178 51 52 182 184 185 56 187 57 77 106 123 124 127
188,range,0,41,36,1 3 7 8 10 14 16 23 26 28 34 35 37 41 50 57 116 122 124 130 131 134 135 141 145 162 164 167 169 173 178 180 181 185 186 188,36,1 3 4 132 134 135 8 9 131 11 141 16 145 20 22 25 27 162 164 167 169 44 173 48 178 180 181 54 55 185 186 57 188 58 65 124,37,128 1 3 4 8 9 136 11 140 139 16 146 20 149 22 151 25 26 155 154 175 176 178 179 50 52 53 184 185 58 187 188 61 62 65 73 109
189,range,0,42,35,1 2 4 8 9 13 19 20 26 28 35 40 41 46 49 53 59 122 125 126 134 140 141 149 159 162 166 168 171 179 181 182 186 188 189,34,1 2 4 8 137 10 11 13 141 17 149 153 154 27 28 156 162 34 164 36 42 173 47 177 178 49 180 185 186 188 189 63 65 72,36,3 4 132 6 7 135 134 139 140 13 14 16 17 147 149 150 152 32 34 37 41 44 46 175 176 49 178 179 53 185 186 59 188 189 63 127
190,range,0,42,35,1 2 5 7 10 11 14 16 24 28 29 33 35 39 58 66 70 72 75 150 151 153 154 159 160 162 163 177 178 180 181 186 187 189 190,33,128 1 129 3 132 134 7 9 10 138 14 16 146 20 153 28 32 34 35 165 166 169 41 171 43 175 180 182 183 187 188 190 64,36,128 1 3 7 8 137 10 139 140 16 18 148 21 149 23 154 27 155 163 175 176 49 50 179 52 181 184 185 59 188 61 190 62 67 87 109
191,range,0,43,36,1 2 5 6 12 14 15 20 21 31 32 45 46 51 53 54 64 65 67 68 73 139 153 155 156 158 162 164 178 179 181 182 187 188 190 191,36,1 2 130 131 6 134 8 139 12 13 140 143 17 19 151 27 31 34 164 166 38 40 169 170 44 173 47 179 183 184 186 58 190 191 65 106,36,1 2 130 4 134 8 9 137 11 139 136 146 19 147 22 151 24 152 154 159 173 176 177 48 51 180 49 52 185 186 60 189 61 191 64 65
192,range,0,44,36,1 3 4 8 9 11 16 20 22 25 27 44 48 54 55 58 59 65 128 135 136 138 139 145 149 166 168 171 173 177 182 184 185 189 190 192,36,128 1 3 4 134 135 8 9 138 11 137 16 145 20 149 22 25 27 166 168 171 44 173 48 177 182 55 184 185 56 59 58 189 190 192 65,37,1 2 6 7 135 9 134 141 14 15 142 144 18 20 151 152 155 156 164 40 41 44 46 179 180 53 182 183 54 56 57 188 189 191 192 63 84
193,range,0,44,35,1 2 4 5 10 12 13 17 26 28 34 36 37 41 49 53 74 75 118 127 141 153 156 157 163 166 168 177 181 182 184 189 190 192 193,35,1 2 129 4 8 9 13 141 145 20 21 23 152 28 157 30 158 160 165 166 46 177 50 49 181 53 183 184 186 61 190 63 192 193 67,37,2 3 5 6 134 133 138 11 12 141 14 15 151 153 154 156 160 43 44 47 49 180 181 52 183 184 53 189 190 192 193 64 65 67 105 107 111
194,range,0,44,35,1 2 5 7 10 11 14 16 24 28 29 33 35 39 58 66 70 72 75 153 155 156 158 162 164 165 167 180 182 183 185 189 191 192 194,35,1 129 3 4 6 137 10 12 13 15 28 156 30 31 160 33 162 37 166 167 39 40 42 171 179 181 184 185 188 190 193 194 120 123 125,37,1 3 4 132 8 9 11 143 16 144 146 20 22 150 25 26 155 153 161 50 180 52 182 183 55 185 53 189 191 192 64 194 63 66 67 87 113
195,range,0,44,36,1 2 4 5 10 11 13 14 28 30 34 35 39 41 53 61 62 70 137 140 145 149 151 154 155 160 164 176 178 181 182 187 189 190 194 195,34,1 2 5 6 137 12 140 14 15 17 145 21 149 151 154 155 31 160 34 35 164 38 43 44 46 176 178 181 182 187 189 190 194 195,37,128 1 2 129 5 133 7 135 10 11 14 16 144 145 147 151 152 156 37 38 40 172 44 52 180 182 55 56 185 186 59 189 191 194 195 82 89
196,range,0,45,37,1 3 4 8 9 11 16 20 22 25 27 44 48 54 55 57 58 65 67 132 138 139 141 142 149 153 170 172 175 177 181 186 188 189 193 194 196,37,1 130 3 132 7 8 138 139 12 14 142 143 18 19 149 153 32 36 38 39 41 170 172 175 47 177 48 51 181 186 188 189 193 194 196 119 124,37,1 2 5 7 136 10 11 138 14 142 16 145 144 147 151 24 153 35 39 40 172 174 175 177 49 51 52 185 57 188 189 61 192 194 85 124 126
197,range,0,45,36,1 2 4 8 9 13 20 21 26 28 37 42 45 49 57 59 60 126 129 133 135 149 151 156 162 164 170 171 181 185 187 188 190 194 196 197,36,1 2 4 133 8 9 11 19 22 24 28 156 158 31 161 162 167 169 170 41 49 50 181 56 185 187 188 190 64 65 194 196 197 68 75 77,37,1 3 6 7 12 14 15 143 145 146 19 20 142 155 156 161 162 44 46 47 49 53 183 56 185 186 55 188 192 194 195 67 197 70 71 110 112
198,range,0,46,36,1 2 5 7 10 11 14 16 24 28 29 33 35 36 66 75 79 119 120 124 133 141 160 164 166 170 171 175 183 185 188 189 192 194 197 198,36,1 3 4 8 9 11 141 16 20 22 25 27 160 164 166 170 171 44 175 48 54 183 55 185 57 58 188 189 192 65 194 67 197 198 78 117,37,1 2 4 5 10 13 14 143 141 17 146 144 154 156 157 161 163 42 44 49 50 52 53 184 186 187 189 193 65 195 196 69 198 68 66 76 109
199,range,0,46,35,2 3 6 8 11 12 15 17 25 29 30 34 36 37 67 76 125 130 138 139 147 159 161 165 166 170 172 186 187 189 190 195 196 198 199,36,1 2 4 8 10 11 140 13 139 144 17 147 153 27 28 157 158 34 36 164 168 42 47 49 180 182 185 186 191 63 193 194 65 69 198 199,37,1 3 4 8 9 11 16 144 146 147 20 149 22 25 26 159 160 163 164 52 53 55 56 186 187 189 190 65 66 195 196 68 198 199 72 73 117
200,range,0,47,36,1 3 4 8 9 11 16 20 22 25 27 44 48 55 56 58 59 65 67 73 156 158 162 164 165 167 171 173 183 185 189 191 192 194 198 200,37,1 3 4 8 9 11 16 144 20 22 151 25 27 160 164 166 167 44 173 175 48 178 54 55 185 58 187 59 191 193 194 65 67 198 200 73 78,38,1 3 4 132 8 9 138 11 137 16 145 20 148 22 150 25 26 154 156 157 161 45 52 53 183 56 55 186 188 62 191 192 63 66 195 197 200 75
201,range,0,48,36,1 2 4 8 9 13 20 21 23 28 30 46 49 50 53 61 63 66 67 137 139 153 155 160 166 168 174 175 185 189 191 192 194 198 200 201,35,1 2 4 8 136 10 11 138 13 17 146 152 153 28 29 161 34 36 37 42 171 174 49 178 180 53 183 191 193 194 65 198 200 201 84,38,128 1 2 4 5 132 135 133 10 11 13 14 146 147 149 150 30 36 40 41 43 176 177 51 180 53 182 54 186 60 191 64 193 194 198 199 201 83
202,range,0,48,36,1 2 5 7 10 11 14 16 24 28 29 33 35 39 58 66 70 79 80 84 137 145 164 168 170 174 175 179 187 189 192 193 196 198 201 202,36,1 2 5 7 10 11 14 16 24 28 29 33 162 35 36 165 166 163 171 172 174 175 189 190 192 193 66 198 199 72 201 202 73 75 76 81,38,1 3 8 9 138 11 12 142 147 148 20 22 150 25 26 155 159 161 164 179 52 53 55 56 187 189 192 193 67 196 68 198 70 71 201 202 76 119
203,range,0,48,37,1 2 5 6 12 14 15 20 21 31 32 45 46 51 54 55 66 67 137 138 140 150 151 153 158 159 172 173 183 184 189 190 192 198 199 202 203,35,2 3 131 5 6 137 138 11 12 14 15 149 150 153 30 31 158 159 34 35 41 42 172 173 44 183 184 189 190 61 192 198 199 202 203,38,2 3 6 7 136 137 139 140 13 15 16 18 147 149 22 150 152 47 177 178 50 49 182 55 184 54 188 62 193 66 195 196 67 200 201 203 89 115
204,range,0,48,38,1 3 4 8 9 11 16 20 22 25 27 44 48 54 55 58 59 65 67 138 140 147 148 150 151 157 161 178 180 183 185 189 194 196 197 201 202 204,38,1 3 4 8 9 138 11 140 16 146 147 20 22 150 151 25 27 157 161 44 48 178 180 54 183 55 185 57 58 189 65 194 67 196 197 201 202 204,38,1 2 4 5 10 11 13 145 149 23 152 151 154 31 32 161 162 37 166 167 169 47 48 50 55 56 191 192 194 195 66 67 200 201 74 203 204 115
205,range,0,48,36,1 2 4 5 10 12 13 17 26 28 34 36 37 41 49 53 128 134 137 141 143 157 159 164 170 172 178 179 189 193 195 196 198 202 204 205,37,1 2 4 132 8 9 139 140 13 143 145 19 20 23 153 28 156 157 160 35 40 41 46 176 49 178 53 183 56 185 186 193 197 198 202 204 205,38,1 2 6 7 9 14 15 143 18 147 20 149 150 152 162 163 165 166 43 173 46 47 53 54 56 57 190 192 193 64 195 70 201 202 73 204 205 117
206,range,0,48,37,1 2 5 7 10 11 14 16 24 28 29 33 35 36 66 72 73 75 76 81 107 162 163 165 166 171 172 174 175 191 192 194 195 201 202 205 206,36,1 2 5 7 10 11 14 16 24 28 29 33 35 165 39 168 167 170 174 176 177 179 58 192 194 195 66 197 70 72 201 203 204 75 206 79,38,1 3 4 133 8 137 10 139 140 142 18 20 21 150 23 152 153 149 29 44 47 49 180 53 182 52 56 185 58 187 61 191 196 198 199 203 204 206
207,range,0,49,36,1 2 6 7 9 14 15 18 20 32 36 41 42 45 47 51 56 59 135 143 150 161 164 168 170 174 177 181 189 191 195 196 200 202 206 207,37,2 3 6 135 8 137 11 12 141 15 17 149 25 29 30 34 36 37 168 172 174 178 179 183 191 193 67 196 197 200 202 205 206 84 94 112 127,39,1 3 4 8 9 11 16 146 20 22 150 152 153 26 25 157 165 166 169 170 45 52 54 55 57 191 66 195 196 67 198 72 73 203 204 76 206 207 117
208,range,0,49,37,1 3 6 7 10 12 15 16 28 30 33 35 39 47 52 70 131 136 142 144 150 151 154 155 161 165 182 184 187 189 193 198 200 201 205 206 208,38,1 3 4 8 9 11 142 16 144 20 22 150 151 25 154 27 155 161 165 44 48 182 55 184 56 58 187 59 189 193 65 67 198 200 201 205 206 208,38,2 4 5 134 7 133 138 11 13 14 16 150 151 153 154 159 160 163 37 39 40 42 46 54 56 57 59 189 190 194 195 197 202 203 206 208 91 93
209,range,0,49,37,1 2 4 8 10 11 13 17 27 28 34 36 42 47 49 63 65 69 72 135 145 157 161 168 173 174 176 181 182 193 197 199 200 202 206 208 209,37,1 2 4 132 8 9 138 13 141 145 19 20 147 26 28 161 35 163 40 41 168 174 46 176 49 53 182 183 59 193 197 199 200 202 206 208 209,39,1 2 5 7 11 16 18 19 147 23 24 152 154 26 151 159 163 165 168 169 49 52 54 57 58 190 63 192 66 195 196 70 71 201 73 203 204 208 209
210,range,0,49,37,1 3 4 9 10 12 13 18 29 30 34 36 37 41 66 74 75 77 83 126 134 161 171 173 174 176 180 182 183 197 198 200 201 206 207 209 210,37,1 2 5 7 10 11 14 16 24 28 29 33 35 39 170 171 173 174 179 180 182 183 58 66 197 198 70 200 201 72 75 206 207 79 209 210 85,38,1 2 4 135 8 10 11 138 13 17 145 146 149 150 156 158 159 161 45 46 48 53 54 56 185 186 57 189 191 65 195 200 72 202 203 207 208 210
211,range,0,49,36,1 2 4 5 10 11 13 14 28 30 34 35 37 41 53 62 130 134 139 141 142 151 165 174 177 178 184 185 195 199 201 202 204 208 210 211,38,2 3 6 8 11 12 15 17 25 153 156 29 30 161 34 36 165 167 40 170 171 176 180 59 192 194 67 197 198 71 73 203 76 205 206 80 210 211,38,1 3 7 8 10 16 144 18 148 21 23 153 154 27 156 157 167 169 42 172 174 52 54 55 59 60 67 69 198 199 72 201 202 73 207 208 210 211
212,range,0,50,39,1 3 4 8 9 11 16 20 22 25 27 44 48 54 55 57 58 65 67 140 146 148 154 155 157 158 165 169 186 188 191 193 197 202 204 205 209 210 212,39,1 3 4 8 9 11 140 16 146 20 148 22 25 154 27 155 158 159 165 169 44 48 55 56 186 59 188 60 191 193 67 197 73 202 204 205 209 210 212,39,2 3 5 6 140 13 14 144 17 146 19 147 151 27 157 160 161 164 166 45 50 54 56 57 59 187 191 193 194 65 66 198 70 72 204 206 207 211 212
213,range,0,50,37,1 2 4 5 10 12 13 17 26 28 34 36 37 41 49 53 74 76 79 129 137 149 172 174 177 178 183 185 186 197 201 203 204 206 210 212 213,38,1 2 4 8 9 13 142 145 20 21 149 151 26 28 37 165 167 42 172 45 49 178 180 57 186 187 60 59 67 68 197 201 203 204 206 210 212 213,38,1 2 6 8 12 13 19 21 27 156 157 28 159 160 171 173 174 47 176 51 56 57 59 60 200 201 72 203 204 76 78 209 210 212 213 98 121 122
214,range,0,51,37,1 3 4 6 10 12 13 15 28 30 31 33 37 39 40 42 130 136 140 143 145 149 157 176 180 182 186 187 191 199 201 204 205 208 210 213 214,37,1 2 5 7 10 11 14 16 24 28 29 33 35 36 171 172 174 179 180 182 183 66 199 200 72 202 203 73 75 76 209 210 81 82 213 214 85,39,1 2 4 5 137 10 11 138 13 14 141 157 159 160 162 166 38 168 169 41 40 45 46 56 57 59 189 192 193 64 196 204 206 207 211 213 214 94 96
215,range,0,51,37,2 3 6 7 13 14 16 17 34 35 38 40 43 44 47 49 133 134 139 140 142 143 149 179 180 182 186 187 191 199 201 204 205 208 210 213 214,38,2 3 132 133 6 7 137 139 13 14 143 16 17 152 33 34 163 38 39 41 46 47 178 180 181 185 186 57 188 202 203 205 206 82 211 212 214 215,39,1 2 133 6 7 9 140 141 14 15 144 145 18 20 151 153 154 156 160 36 40 43 47 49 56 186 59 61 190 192 64 195 196 199 201 209 211 214 215
216,range,0,51,40,1 3 4 8 9 11 16 20 22 25 27 44 48 54 55 58 59 65 67 73 144 150 152 158 159 161 162 169 173 190 192 195 197 201 206 208 209 213 214 216,40,1 3 4 8 9 11 16 144 20 22 150 152 25 27 158 159 161 162 169 44 173 48 55 56 58 59 190 192 65 195 67 197 201 73 206 208 209 213 214 216,39,2 3 6 8 11 12 15 143 17 144 147 149 157 158 160 161 168 42 44 45 50 52 53 183 57 190 63 65 194 66 196 68 199 201 207 210 211 214 216
217,range,0,51,38,1 2 4 8 9 11 19 22 24 28 31 41 49 50 56 64 65 68 77 83 85 131 149 171 176 180 182 187 190 191 201 205 207 208 210 214 216 217,39,1 2 4 5 134 10 12 13 17 150 151 26 28 158 159 161 34 36 37 41 169 173 176 49 181 53 190 192 197 198 74 75 205 79 209 210 214 216 217,39,2 3 5 9 10 14 147 20 149 22 150 152 27 29 160 161 165 174 185 58 59 61 62 190 194 67 70 71 202 74 204 207 208 211 213 216 217 101 127
218,range,0,51,38,1 2 5 7 10 11 14 16 24 28 29 33 35 36 66 72 73 75 76 81 82 85 177 179 180 182 186 188 189 191 204 206 207 209 213 215 216 218,38,1 2 5 6 134 12 13 140 15 16 144 147 149 153 33 34 161 37 39 42 43 46 48 180 184 186 190 191 195 203 205 208 209 212 214 217 218 106,40,1 3 4 6 10 12 13 15 143 146 159 160 162 163 169 170 43 42 173 46 45 185 58 57 60 61 66 67 196 198 202 204 205 213 215 216 218 95 97 98
219,range,0,51,39,1 2 6 7 9 14 15 18 20 32 36 37 41 43 47 48 61 69 134 140 144 147 149 153 161 180 184 186 190 191 195 203 205 208 209 212 214 217 218,39,1 2 6 8 9 18 19 22 23 152 158 31 159 33 162 167 168 41 171 46 50 179 52 55 62 192 194 66 68 197 198 201 75 207 211 212 214 218 219,39,128 2 3 5 6 16 17 21 22 24 155 156 160 162 163 34 35 175 176 178 179 50 55 56 58 69 73 74 205 207 208 210 85 214 87 216 217 219 123
220,range,0,52,40,1 3 4 8 9 11 16 20 22 25 27 44 48 54 55 57 58 65 67 143 148 154 156 162 163 166 167 173 177 194 196 199 201 205 210 212 213 217 218 220,37,1 129 3 4 8 9 11 16 146 20 149 22 25 27 44 48 181 55 184 56 186 59 60 189 190 193 67 73 206 208 209 82 211 215 217 218 220,40,1 2 6 8 9 13 19 147 21 22 153 26 27 156 160 162 163 172 47 175 49 54 55 57 189 64 193 66 195 69 198 199 70 202 210 212 213 217 219 220
221,range,0,52,38,1 2 4 8 9 13 19 20 26 28 35 40 41 46 49 53 59 75 136 138 147 157 169 173 180 185 186 188 193 194 205 209 211 212 214 218 220 221,38,1 2 4 8 9 136 11 19 147 22 24 28 157 31 41 169 173 49 50 180 56 185 186 188 64 193 194 66 75 205 77 209 211 212 214 218 220 221,40,1 3 6 7 10 16 145 18 21 151 154 27 28 158 159 161 34 166 169 170 175 176 54 56 57 185 59 190 66 68 69 71 202 203 206 208 215 217 218 220
222,range,0,52,38,1 3 4 9 10 12 13 18 29 30 34 36 37 41 66 74 75 77 83 85 86 90 181 183 184 186 190 192 193 195 208 210 211 213 217 219 220 222,39,1 3 4 8 9 11 16 146 147 20 22 25 27 161 164 165 168 170 44 48 178 54 55 185 57 58 65 67 197 198 201 203 207 212 214 215 219 220 222,40,2 3 7 9 10 137 14 22 24 27 28 155 160 163 164 167 169 176 48 50 177 180 182 57 186 59 60 62 71 75 77 206 210 211 84 213 218 219 221 222
223,range,0,52,39,1 2 4 5 10 11 13 14 28 30 31 35 36 38 53 64 73 77 79 80 84 165 168 173 177 179 182 183 188 192 204 206 209 210 215 217 218 222 223,37,2 3 6 7 138 13 14 16 17 144 148 151 153 157 34 35 37 38 165 43 44 46 47 184 188 190 194 195 199 207 209 212 213 216 218 221 222,39,1 2 4 5 137 10 13 14 17 150 155 28 158 159 40 41 174 47 175 177 178 56 58 59 187 188 64 73 74 203 207 209 83 212 85 214 220 222 223
224,range,0,53,38,1 3 4 8 9 11 16 20 22 25 27 44 48 55 56 59 60 67 73 152 158 165 166 169 170 177 181 198 200 203 205 209 214 216 217 221 222 224,39,128 1 3 4 8 9 11 16 145 144 20 22 151 152 25 27 155 44 48 178 54 55 57 186 58 190 192 193 65 67 197 209 210 213 215 218 219 222 224,40,1 3 4 9 10 13 18 20 21 152 155 28 157 160 166 167 40 169 170 44 176 54 57 58 61 63 66 198 199 73 203 204 206 212 216 217 219 223 224 127
225,range,0,54,39,1 2 4 5 10 12 13 17 26 28 34 36 37 41 49 53 74 75 79 90 92 151 161 173 177 184 189 190 192 197 198 209 213 215 216 218 222 224 225,39,1 2 4 134 8 136 10 11 13 17 147 151 152 28 29 34 36 37 42 173 49 177 53 185 189 190 192 65 198 200 75 209 213 214 216 221 222 224 225,40,1 2 4 5 10 13 14 17 146 150 152 153 155 163 166 167 39 170 43 172 45 46 50 59 60 62 63 199 200 71 204 205 207 213 217 218 220 94 224 225
226,range,0,54,39,1 3 4 6 10 12 13 15 28 30 31 33 37 39 40 42 139 140 146 148 149 151 155 160 176 188 190 191 196 198 199 209 214 215 217 218 223 224 226,39,1 3 4 6 137 10 138 12 13 142 15 148 152 155 28 157 30 31 33 161 37 39 40 169 42 188 192 194 198 199 203 211 213 216 217 220 222 225 226,41,1 3 4 9 11 12 16 22 24 25 30 158 165 166 169 170 176 179 53 54 185 58 60 61 190 199 71 73 202 77 206 207 79 209 80 217 218 221 223 226 127
227,range,0,55,39,1 2 6 8 9 13 19 22 23 26 28 41 49 52 53 58 61 62 68 77 133 155 163 170 181 184 188 190 194 197 201 209 211 215 216 220 222 226 227,39,1 2 5 6 12 14 15 20 21 148 152 157 158 31 32 167 45 46 51 181 54 55 190 193 194 66 68 200 201 74 73 211 215 217 218 220 224 226 227,39,129 2 3 5 9 11 12 14 18 158 159 164 165 167 168 42 46 48 49 179 180 51 184 185 58 59 61 62 77 214 215 217 218 223 224 226 227 125 126
228,range,0,55,40,1 3 4 8 9 11 16 20 22 25 27 44 48 55 56 58 59 65 67 73 148 156 162 169 170 173 174 181 185 202 204 207 209 213 218 220 221 225 226 228,40,1 3 4 8 9 11 16 20 22 151 25 27 162 164 171 44 172 174 175 48 181 54 55 185 57 58 65 67 202 204 78 207 209 213 218 220 221 225 226 228,40,1 2 4 8 9 18 19 23 24 26 31 165 167 170 171 49 181 183 184 57 59 189 62 63 190 73 202 76 78 81 82 212 85 216 217 219 224 225 227 228
229,range,0,55,38,1 2 4 5 10 12 13 17 26 28 34 36 37 41 49 53 74 76 79 162 163 170 171 173 181 185 188 193 202 204 209 210 217 221 222 226 228 229,39,1 2 4 8 10 11 13 17 27 28 34 162 36 163 42 170 171 173 47 49 181 185 188 63 193 65 69 72 202 204 78 209 210 217 221 222 226 228 229,40,1 2 5 6 12 14 15 17 21 168 169 45 46 175 49 51 180 179 60 61 63 193 195 67 68 72 201 205 79 208 82 216 219 220 94 225 226 228 229 102
230,range,0,55,40,1 2 4 5 10 11 13 14 29 30 33 35 38 39 42 135 137 141 142 146 152 156 159 161 165 173 192 196 198 202 203 207 215 217 220 221 224 226 229 230,40,1 2 5 7 10 11 14 16 24 28 29 33 35 39 58 190 191 193 194 66 70 199 200 72 202 203 75 79 85 217 218 89 220 221 90 94 226 227 229 230,41,1 3 4 10 11 13 14 20 152 153 28 157 156 35 40 171 172 44 174 47 49 181 183 184 61 62 64 65 198 71 72 203 217 218 220 221 226 227 229 230 105
231,range,0,56,39,1 2 6 7 9 14 15 18 20 32 36 37 41 43 47 48 61 69 126 142 150 154 155 159 179 187 189 196 197 200 201 212 214 217 218 225 226 229 230,40,2 3 6 8 11 12 15 17 148 25 29 30 157 34 162 36 40 170 171 179 59 191 193 67 197 198 71 73 202 204 76 218 219 90 221 222 227 228 230 231,41,1 2 4 5 10 12 13 17 27 28 157 155 161 36 168 169 171 172 48 178 56 58 186 61 191 63 72 73 202 77 206 208 216 219 220 223 97 228 229 101 231
232,range,0,56,40,1 3 4 8 9 11 16 20 22 25 27 44 48 54 55 57 58 65 67 78 160 166 168 174 175 178 179 185 189 206 208 211 213 217 222 224 225 229 230 232,39,1 3 6 7 10 12 15 16 28 30 160 33 35 166 39 168 174 47 175 177 178 52 185 189 70 73 206 208 80 81 211 213 217 222 224 225 229 230 232,41,1 2 4 8 9 11 19 147 22 23 26 155 28 157 158 162 170 172 173 175 179 53 58 60 61 68 70 71 73 77 207 212 214 215 219 220 227 229 230 232 106
233,range,0,56,38,1 2 4 8 9 13 19 20 26 28 35 40 41 46 49 53 59 75 82 166 167 174 175 177 185 189 192 197 206 208 213 214 221 225 226 230 232 233,40,1 2 4 5 10 12 13 17 26 28 160 34 36 37 167 168 41 171 173 49 181 53 184 185 188 74 204 76 206 79 211 83 213 214 221 225 226 230 232 233,41,1 2 4 5 11 13 14 19 29 30 160 161 35 168 169 172 50 52 180 182 186 187 60 61 189 63 64 197 73 77 79 80 84 216 220 221 223 228 229 231 232
234,range,0,56,41,1 3 4 6 10 12 13 15 28 30 31 33 37 39 40 42 139 141 145 146 150 156 160 163 165 169 177 196 200 202 206 207 211 219 221 224 225 228 230 233 234,40,1 2 5 7 10 11 14 16 24 154 28 29 159 33 35 163 39 168 184 58 66 196 198 199 70 72 75 204 206 207 79 217 90 222 223 225 226 231 232 234,40,1 2 4 5 10 13 14 142 17 150 28 157 156 160 166 168 169 41 171 45 47 50 183 184 57 58 60 61 74 203 204 215 217 220 221 228 229 232 233 126
235,range,0,56,40,2 3 6 7 14 15 18 20 31 32 35 36 43 45 53 73 77 78 82 90 94 108 167 175 188 189 193 195 199 200 204 216 218 221 222 227 229 230 234 235,40,2 3 5 6 11 12 14 15 29 30 34 35 37 42 175 176 51 180 183 189 61 193 194 200 74 204 76 77 83 84 86 216 218 221 222 227 229 230 234 235,43,1 3 4 6 10 12 13 15 149 150 28 161 164 39 40 169 42 171 47 176 48 180 185 187 59 61 62 64 195 200 73 207 208 217 218 222 223 97 230 232 233 235 126
236,range,0,56,42,1 3 7 8 10 14 16 23 26 28 34 35 37 41 50 57 70 76 78 96 110 127 141 159 161 167 180 187 196 200 202 203 209 211 214 221 223 227 229 230 234 236,40,1 3 6 7 10 12 15 16 28 32 33 35 164 39 170 172 47 178 179 181 182 189 193 70 73 74 80 81 210 83 212 215 217 221 226 228 229 233 234 236,41,1 2 6 7 9 14 20 24 25 29 158 159 161 162 37 173 174 176 177 182 55 183 59 61 62 64 74 75 77 78 210 211 215 217 221 226 228 229 233 234 236
237,range,0,56,39,1 2 4 8 9 13 19 20 26 28 35 40 41 46 49 53 59 75 126 153 161 163 172 174 182 188 189 197 207 210 214 216 219 227 229 230 234 236 237,40,1 2 4 8 9 11 19 22 24 28 31 159 163 41 173 49 50 56 185 189 64 65 196 68 201 202 75 204 77 209 210 83 221 225 227 228 230 234 236 237,43,1 2 4 8 9 11 19 22 24 155 28 156 158 31 163 169 173 176 49 178 181 57 59 62 63 66 68 71 72 202 208 211 212 84 215 88 217 225 229 230 234 236 237
238,range,0,57,41,1 3 7 9 10 12 16 18 28 30 34 36 37 39 43 45 143 145 149 150 154 160 164 167 169 173 181 200 204 206 210 211 215 223 225 228 229 232 234 237 238,39,1 2 4 5 10 11 13 14 147 28 29 157 31 32 37 38 40 41 189 193 194 196 201 202 204 205 82 83 86 87 222 223 96 225 226 233 234 237 238,42,1 130 3 4 6 10 12 13 15 162 165 166 169 174 175 49 51 52 180 54 58 187 60 61 189 72 75 76 81 82 210 214 215 217 225 228 229 232 234 237 238 127
239,range,0,57,41,1 2 6 8 12 13 17 19 27 29 34 38 40 43 44 58 65 77 149 151 154 160 161 163 167 176 187 202 204 205 209 210 212 226 227 229 230 235 236 238 239,42,1 2 6 8 9 18 19 22 23 154 156 31 160 33 161 163 167 41 46 176 50 52 55 187 62 66 68 202 75 204 205 209 210 212 226 227 229 230 235 236 238 239,42,1 2 4 5 11 13 14 16 146 155 157 160 161 170 172 44 46 47 173 49 178 177 60 61 190 66 67 69 70 209 211 215 217 218 98 100 229 230 233 235 238 239
240,range,0,57,40,1 3 7 9 10 12 16 18 28 30 34 36 37 39 43 45 82 88 91 97 147 150 156 159 199 201 202 204 208 210 211 213 226 228 229 231 235 237 238 240,42,1 3 4 8 9 11 16 20 22 25 27 163 168 44 174 48 176 54 55 182 183 186 187 59 58 193 65 67 197 73 78 214 216 219 221 225 230 232 233 237 238 240,42,2 4 5 9 10 12 17 21 149 23 26 27 157 161 163 167 172 174 175 179 180 53 182 54 56 51 60 62 65 72 78 212 213 218 221 222 225 227 234 235 239 240
241,range,0,58,40,1 2 4 8 9 11 19 22 24 28 31 41 49 50 56 64 65 68 75 77 83 163 166 168 189 193 201 205 206 208 214 216 225 229 230 232 237 238 240 241,40,1 2 4 5 10 12 13 17 26 28 159 34 163 36 37 166 168 41 49 53 189 193 201 74 76 205 206 79 208 83 214 216 225 229 230 232 237 238 240 241,42,1 3 4 9 11 12 16 22 24 25 27 162 165 169 172 48 178 180 181 54 55 57 61 64 192 70 75 77 78 207 82 213 214 218 226 228 231 232 235 237 240 241
242,range,0,58,40,1 2 5 7 10 11 14 16 24 28 29 33 35 39 58 66 70 72 75 79 141 158 159 172 179 192 198 202 208 209 211 215 223 227 229 233 234 236 240 242,41,1 2 4 5 10 11 13 14 28 29 33 34 36 164 168 41 171 173 177 50 185 60 73 75 204 76 208 210 82 214 215 219 97 227 229 232 233 236 238 241 242,42,1 2 5 7 10 11 14 22 24 25 29 31 160 161 164 166 169 179 181 182 184 58 62 190 64 65 67 74 75 77 82 215 217 221 222 224 230 234 235 237 241 242
243,range,0,58,41,1 2 6 7 9 14 15 18 20 32 36 37 41 43 47 48 61 69 153 154 158 164 168 171 173 177 185 204 208 210 214 215 219 227 229 232 233 236 238 241 242,41,2 3 6 7 14 15 18 19 150 152 155 156 37 38 165 40 44 46 47 49 53 63 64 198 200 201 206 209 210 213 93 223 227 229 230 232 105 238 239 242 243,43,1 2 5 7 10 11 14 16 146 24 28 29 33 173 174 179 180 182 183 60 62 66 67 195 69 196 199 201 77 79 82 83 86 227 231 233 234 107 236 111 240 242 243
244,range,0,58,42,1 3 4 8 9 11 16 20 22 25 27 44 48 54 55 58 59 65 67 73 78 167 172 178 180 186 187 190 191 197 201 218 220 223 225 229 234 236 237 241 242 244,42,1 3 4 8 9 11 16 20 22 25 27 167 44 172 48 178 180 54 55 186 59 58 187 190 191 65 67 197 201 73 78 218 220 223 225 229 234 236 237 241 242 244,42,2 3 5 9 11 21 22 25 27 30 34 36 169 170 174 181 54 183 184 190 191 64 68 71 200 73 76 77 80 85 215 218 91 220 223 224 227 235 237 238 242 244
245,range,0,58,40,1 2 4 5 10 12 13 17 26 28 34 36 37 41 49 53 74 76 79 152 164 166 169 170 173 179 208 210 211 215 217 218 229 233 235 236 238 242 244 245,41,1 2 4 8 9 11 19 22 24 28 31 168 41 174 49 50 177 181 183 56 64 65 68 197 199 75 204 77 210 83 212 218 219 229 233 235 236 238 242 244 245,42,1 4 5 8 16 17 20 22 25 156 38 167 168 171 172 50 179 181 182 55 184 57 58 63 65 70 74 79 81 214 215 87 217 221 222 226 234 236 239 240 243 245
246,range,0,59,42,1 3 4 8 9 11 16 20 22 25 27 44 48 54 55 57 58 65 67 78 158 159 163 166 170 171 175 195 203 205 212 213 216 217 228 230 233 234 241 242 245 246,42,1 2 5 6 13 14 17 19 154 30 31 158 34 35 166 42 170 44 171 175 52 195 72 203 76 205 77 81 212 213 216 217 89 93 228 230 233 234 241 242 245 246,42,1 2 4 5 10 13 14 17 28 36 38 166 168 169 173 49 181 183 56 186 188 61 64 65 77 78 209 82 83 214 220 221 223 227 104 106 236 238 239 243 244 246
247,range,0,59,43,1 2 4 5 10 11 13 14 28 30 34 35 39 41 53 61 62 70 75 82 132 147 152 166 170 175 177 178 187 201 210 213 214 220 221 231 235 237 238 240 244 246 247,42,1 2 5 6 12 14 15 20 21 31 32 159 45 46 173 51 180 54 55 182 186 193 66 196 68 198 73 202 74 207 83 215 217 225 226 229 230 239 240 242 246 247,43,1 2 6 8 9 13 21 23 26 27 30 32 165 166 170 172 180 183 184 57 187 60 189 64 193 66 67 192 69 76 79 80 217 222 223 225 231 235 236 238 243 244 246
248,range,0,59,41,1 3 4 8 9 11 16 20 22 25 27 44 48 54 55 57 58 65 67 78 171 176 182 184 190 191 194 195 201 205 222 224 227 229 233 238 240 241 245 246 248,42,1 3 4 8 9 11 16 20 22 25 154 27 158 161 165 167 44 48 54 55 58 59 65 67 73 204 206 78 210 212 213 215 219 221 231 233 237 239 240 242 246 248,43,1 3 4 8 9 11 20 22 23 27 28 30 167 170 171 177 180 182 185 61 62 191 64 192 68 69 71 201 79 82 83 216 218 223 224 227 234 237 239 242 243 246 248
249,range,0,59,41,1 2 4 8 10 11 13 17 28 29 31 36 37 40 42 65 75 77 81 84 95 98 171 174 176 197 201 209 213 214 216 222 224 233 237 238 240 245 246 248 249,42,1 2 4 8 10 11 13 17 28 29 159 34 163 36 37 168 42 174 176 49 53 65 197 201 75 79 209 84 213 214 216 222 224 233 237 238 240 245 246 118 248 249,43,1 5 7 11 12 14 20 24 25 31 32 169 171 174 178 183 184 186 58 60 191 65 66 193 68 69 77 79 82 83 218 219 222 224 227 228 231 239 241 242 246 248 249
250,range,0,60,42,1 2 5 7 10 11 14 16 24 28 29 33 35 36 66 73 74 76 77 83 84 169 170 172 176 178 179 185 215 216 218 222 223 227 235 237 240 241 244 246 249 250,43,1 2 5 7 10 11 14 16 24 28 29 33 35 164 39 170 172 173 175 179 184 58 66 70 200 72 75 79 212 85 214 215 220 222 223 233 238 239 241 242 247 248 250,43,1 3 6 7 14 16 17 19 23 165 38 167 168 173 175 176 49 51 180 54 55 186 188 189 191 65 67 68 74 77 78 220 222 223 225 232 233 237 238 245 247 248 250